branch_id,latitude,longitude,districtName,branchName,GTV2024,AOV2024,Bill2024,total_revenue,total_qty,transaction_count,performance_score,Category,dist_to_sudirman_cbd,dist_to_blok_m,dist_to_pondok_indah,dist_to_kemang,dist_to_senayan,dist_to_nearest_landmark,competitors_0.5km,same_category_competitors_0.5km,competitor_revenue_0.5km,competition_intensity_0.5km,competitors_1.0km,same_category_competitors_1.0km,competitor_revenue_1.0km,competition_intensity_1.0km,competitors_2.0km,same_category_competitors_2.0km,competitor_revenue_2.0km,competition_intensity_2.0km
177,-6.21465276,106.82091144,Setia Budi,Nasi Kapau Juragan WTC,3051474531.0,87880.49796965,34723.0,750943024.6,35182.0,6304,0.4332737870930901,Alcoholic Beverages,3.3162435805308204,4.102235126697612,8.267562452938142,7.730524044027463,2.827806084145987,2.827806084145987,4,1,12205898124.0,2441179624.8,11,2,33566219841.0,2797184986.75,43,6,101665763313.93001,2310585529.862046
253,-6.24060142,106.85546635,Tebet,ADORESTO,165329450.0,62083.90912505,2663.0,125557000.0,4198.0,2230,0.0360892262000851,Comfort Food,7.176120939577045,6.424289465655643,10.281945866370974,8.248666600507091,6.526522597557466,6.424289465655643,2,0,330658900.0,110219633.33333333,5,1,826647250.0,137774541.66666666,9,1,1487965050.0,148796505.0
282,-6.25165608,106.79778522,Kebayoran Baru,548 Coffee,631796986.63,405517.96317715,1558.0,280686945.0,7252.0,4578,0.1876772453209856,Coffee and Hot Beverages,3.0492863587769734,0.9138695571745143,3.8367825272308145,2.985700329405477,2.7921493109404665,0.9138695571745143,4,0,2527187946.52,505437589.304,15,3,9476954799.449999,592309674.9656249,37,4,17130449665.74999,450801306.9934208
418,-6.23418852,106.79471049,Kebayoran Baru,Amuya Coffee - YPAC,631796986.63,405517.96317715,1558.0,160351450.0021,9478.0,5250,0.18791924772208077,Other Beverages,1.0883773194511945,1.06360319401089,4.684960751757057,4.835447168549963,0.9437284479935494,0.9437284479935494,0,0,0.0,0.0,1,0,631796986.63,315898493.315,34,0,21481097545.419994,613745644.154857
513,-6.272359,106.8436954,Pasar Minggu,AMY AND CAKE PEJATEN,30594000.0,63870.56367432,479.0,1336128855.0,3923.0,792,0.02172588077298255,Others,7.737106243997088,6.034169451091091,8.649227732708432,5.880918737586891,7.151399295384287,5.880918737586891,1,1,30594000.0,15297000.0,2,1,61188000.0,20396000.0,6,3,534436000.0,76348000.0
515,-6.25789844,106.81577597,Mampang Prapatan,AMY AND CAKE KEMANG,120286000.0,23158.64458991,5194.0,1608714622.0,14304.0,8004,0.04343468272962703,Cake and Desserts,4.488329900052839,2.5826583533655434,5.582053209331967,3.5269626026443683,3.9873165429842863,2.5826583533655434,6,0,721716000.0,103102285.71428572,11,0,1323146000.0,110262166.66666667,22,0,5006247933.150001,217662953.61521742
516,-6.30724024,106.78145756,Cilandak,AMY AND CAKE LEBAK BULUS,84317000.0,39035.64814815,2160.0,2619276215.5,32515.0,20741,0.058959648143304844,Cake and Desserts,9.225636177902148,7.27942450805367,4.959596900451867,3.4229723412331827,9.129110996120621,3.4229723412331827,0,0,0.0,0.0,0,0,0.0,0.0,10,0,843170000.0,76651818.18181819
581,-6.27960959,106.80720995,Cilandak,WBC Antasari,84317000.0,39035.64814815,2160.0,832395200.0203,66269.0,24773,0.0544122343933126,Other Beverages,6.296949339533094,4.1467431897335665,4.845157436236017,1.8250969236148322,5.966539817654355,1.8250969236148322,1,0,84317000.0,42158500.0,5,0,421585000.0,70264166.66666667,21,1,2228905986.63,101313908.48318182
582,-6.30397,106.843384,Jagakarsa,WBC Simatupang,36182000.0,20675.42857143,1750.0,343118909.0828,26736.0,11032,0.02128530771276947,Other Beverages,10.423211153869046,8.406606116318475,9.590201145326654,6.4993081104373305,9.926809778748842,6.4993081104373305,2,0,72364000.0,24121333.333333332,3,0,102958000.0,25739500.0,3,0,102958000.0,25739500.0
601,-6.2262195,106.8261671,Setia Budi,Alba Ristorante - Kuningan,3051474531.0,87880.49796965,34723.0,3467697640.0,43028.0,14996,0.46047923569177174,Alcoholic Beverages,3.715760496831753,3.699521606680981,7.944395887866794,6.910865894538706,3.0927564033911135,3.0927564033911135,11,2,33566219841.0,2797184986.75,25,4,68516319655.259995,2635243063.663846,61,6,105018074050.56003,1693839904.0412908
614,-6.2244883,106.8102729,Kebayoran Baru,Sour Sally Pacific Place,631796986.63,405517.96317715,1558.0,4029925640.1544,239680.0,29680,0.24316496782238925,Others,1.9523293047658845,2.5252379122015056,6.664695409718995,6.2700108901981855,1.3505702273284967,1.3505702273284967,7,0,4422578906.41,552822363.30125,13,0,13052715914.929995,932336851.0664282,46,10,88531578020.97,1883650596.190851
659,-6.23631064,106.8468581,Tebet,BAKMI ASUAN,165329450.0,62083.90912505,2663.0,114758800.0,3262.0,1680,0.0352754393350289,Thai Appetizers and Salads,6.139907214964975,5.520164304395391,9.51531635706225,7.709888004652315,5.492645020693682,5.492645020693682,0,0,0.0,0.0,5,1,826647250.0,137774541.66666666,26,6,7139667331.0,264432123.37037036
835,-6.2440436,106.7976307,Kebayoran Baru,BBS Bungeoppang - Blok M,631796986.63,405517.96317715,1558.0,313320000.0,25060.0,7994,0.19253760399161288,Cake and Desserts,2.2235528756626017,0.07329281782440437,4.222573121389992,3.8018144200882267,1.950982741109661,0.07329281782440437,9,0,5686172879.67,568617287.967,16,0,10108751786.079998,594632458.0047058,28,0,17690315625.639988,610010883.6427583
918,-6.22467327,106.82917697,Setia Budi,Bach Coffee,3051474531.0,87880.49796965,34723.0,2074249337.216,156492.0,20264,0.4598404920932107,Coffee and Hot Beverages,4.044392174606479,4.073223469730455,8.317056315284361,7.242534212744276,3.4311712453632732,3.4311712453632732,4,0,12205898124.0,2441179624.8,23,3,65344559124.259995,2722689963.5108333,50,6,98579818184.26001,1932937611.4560785
925,-6.22308947,106.8232977,Setia Budi,Mini Monster Kuningan,3051474531.0,87880.49796965,34723.0,564283474.374,54092.0,12990,0.441375290300084,Fresh Juices,3.3976787632837664,3.6340341628718082,7.879087067691064,7.031442305369204,2.7993542263308404,2.7993542263308404,17,0,51875067027.0,2881948168.1666665,24,0,73235388744.0,2929415549.76,50,0,105110363697.08002,2060987523.4721572
998,-6.28863326,106.82445353,Pasar Minggu,BROWNFOX WAFFLE AND COFFEE,30594000.0,63870.56367432,479.0,675630957.5056,20692.0,8410,0.02843370415541923,Breakfast,7.911595798784149,5.825214766562153,6.982413760990883,3.911543756865606,7.468207096831521,3.911543756865606,1,0,30594000.0,15297000.0,1,0,30594000.0,15297000.0,8,0,352198000.0,39133111.11111111
1008,-6.26581331,106.80793258,Cilandak,Sate DOMBUD Antasari,84317000.0,39035.64814815,2160.0,2237483500.0,74970.0,16394,0.05085759720886855,Comfort Food,4.865246804166033,2.7353883246233326,4.65594522694104,2.307466689206073,4.487915797524913,2.307466689206073,1,0,631796986.63,315898493.315,12,0,1918973986.63,147613383.5869231,30,1,5680783933.150001,183251094.61774194
1014,-6.30644061,106.83988182,Jagakarsa,Sate Dombud Tanjung Barat,36182000.0,20675.42857143,1750.0,803426080.0,23868.0,4564,0.015023967407373998,Comfort Food,10.455289103512131,8.403516222381892,9.37501904126372,6.2883168922431425,9.978949248091709,6.2883168922431425,2,0,72364000.0,24121333.333333332,3,0,102958000.0,25739500.0,3,0,102958000.0,25739500.0
1018,-6.22366639,106.82340138,Setia Budi,Sate Dombud Lotte Shopping,3051474531.0,87880.49796965,34723.0,488749750.0,14886.0,3234,0.4275937685490491,Comfort Food,3.4066715580103373,3.6040792182059684,7.850851841582435,6.98259691451162,2.803102699680507,2.803102699680507,16,0,48823592496.0,2871976029.1764708,21,0,64080965151.0,2912771143.2272725,49,0,104478566710.45,2089571334.2089999
1022,-6.22367705,106.82339065,Setia Budi,Miss Thai Boat Noodle Lotte Shopping,3051474531.0,87880.49796965,34723.0,298820000.0,7814.0,2800,0.42592956503418494,Others,3.405450216597055,3.6024203971294964,7.849199133322974,6.980974257714146,2.801794718390895,2.801794718390895,16,3,48823592496.0,2871976029.1764708,21,3,64080965151.0,2912771143.2272725,49,8,104478566710.45,2089571334.2089999
1054,-6.2271727,106.8045159,Kebayoran Baru,Orasa - D8,631796986.63,405517.96317715,1558.0,35031102837.5,420833.0,59549,0.4587151535145855,Thai Main Dishes,1.3463400916361363,1.9558998793514957,5.998105762168161,5.793798382338061,0.7016728932059386,0.7016728932059386,3,0,1895390959.8899999,473847739.97249997,12,0,7581563839.56,583197218.4276923,32,0,39063412940.490005,1183739786.0754547
1065,-6.2242462,106.84223673,Tebet,Jittlada - Kokas,165329450.0,62083.90912505,2663.0,7486051967.0,116990.0,16924,0.0976740805678166,Thai Appetizers and Salads,5.489785860151235,5.386709746627295,9.588539024846845,8.207776639666253,4.876955678485663,4.876955678485663,15,1,5366086831.0,335380426.9375,15,1,5366086831.0,335380426.9375,31,7,34919598833.26,1091237463.539375
1095,-6.24110992,106.84534774,Tebet,Bakmie HoLiaw Tebet,165329450.0,62083.90912505,2663.0,1010462200.0,29804.0,5786,0.04594291544245728,Asian Noodles,6.113916102728492,5.303113568507737,9.190394392354946,7.267433019735592,5.462713730327609,5.303113568507737,2,0,330658900.0,110219633.33333333,5,0,826647250.0,137774541.66666666,19,0,3312352650.0,165617632.5
1132,-6.2874744,106.8068338,Cilandak,Bakmie Jemar,84317000.0,39035.64814815,2160.0,251573000.0,11914.0,4263,0.023061705769387146,Asian Noodles,7.1318579072919315,4.982968218880071,5.159986371598378,2.073109624264373,6.819715981098983,2.073109624264373,0,0,0.0,0.0,4,0,337268000.0,67453600.0,18,0,1302814000.0,68569157.89473684
1232,-6.2421406,106.8492688,Tebet,Bakso Mantan Pacar - Tebet,165329450.0,62083.90912505,2663.0,56049400.0,3712.0,1886,0.03522668676650811,Combo and Set Meals,6.562096588778181,5.732674513508172,9.575521560041986,7.57162407295992,5.910930474158217,5.732674513508172,4,0,661317800.0,132263560.0,6,0,991976700.0,141710957.14285713,10,0,1824387600.0,165853418.1818182
1238,-6.23852971,106.85154523,Tebet,Ben Kopitiam,165329450.0,62083.90912505,2663.0,631113270.0,22426.0,7312,0.045894771797812345,Other Beverages,6.700031148270059,6.007099621425524,9.929780333633186,7.997210934285176,6.051396048405743,6.007099621425524,3,0,495988350.0,123997087.5,6,0,991976700.0,141710957.14285713,21,0,3471918450.0,157814475.0
1280,-6.2607844,106.8123187,Mampang Prapatan,Sour Sally Kemang Village,120286000.0,23158.64458991,5194.0,1496910971.6424,78322.0,9470,0.04481173951828286,Others,4.559181439115719,2.5283975299325867,5.163917162912381,3.0289028394743034,4.108894231693756,2.5283975299325867,10,3,1202860000.0,109350909.0909091,14,4,2159545986.63,143969732.442,27,6,7070272893.040001,252509746.18000004
1360,-6.26365817,106.79528671,Cilandak,Bloomery Patisserie Haji Nawi,84317000.0,39035.64814815,2160.0,5601991279.64,190841.0,52619,0.11940515056933428,Cake and Desserts,4.332732633109488,2.2536562936979267,3.260502503872839,1.633764840741149,4.131795187510253,1.633764840741149,2,1,716113986.63,238704662.21,2,1,716113986.63,238704662.21,26,1,7407313879.67,274344958.5062963
1386,-6.26365817,106.79528671,Cilandak,Bloomery Event,84317000.0,39035.64814815,2160.0,205075170.3,10703.0,1897,0.019560683831964937,Cake and Desserts,4.332732633109488,2.2536562936979267,3.260502503872839,1.633764840741149,4.131795187510253,1.633764840741149,2,1,716113986.63,238704662.21,2,1,716113986.63,238704662.21,26,1,7407313879.67,274344958.5062963
1420,-6.2312938,106.8099531,Kebayoran Baru,BCL - BMCC,631796986.63,405517.96317715,1558.0,39216100.0,1694.0,1113,0.18157322105721865,Bakery Items,2.0561043417005274,1.9226647830484815,6.1531925105875285,5.555552204041216,1.4061106505859098,1.4061106505859098,2,0,1263593973.26,421197991.08666664,15,1,11896632343.819996,743539521.4887497,51,1,79080664245.63997,1520782004.7238455
1435,-6.25524286,106.81346966,Mampang Prapatan,BMART KEMANG OFFICE,120286000.0,23158.64458991,5194.0,1823126189.0,57582.0,11658,0.04964499706449232,Alcoholic Beverages,4.101741023145142,2.20142369691895,5.381954612995566,3.5313212232504423,3.607391959497377,2.20142369691895,3,0,360858000.0,90214500.0,11,0,1323146000.0,110262166.66666667,33,2,13104697759.339996,385432287.03941166
1458,-6.23218386,106.81984692,Mampang Prapatan,Bumbu Manado Gatot Subroto,120286000.0,23158.64458991,5194.0,264548000.0,33290.0,3230,0.029326088768572192,Others,3.127329328667385,2.7683796386587933,7.001167556976736,5.974700818120618,2.4769046584394454,2.4769046584394454,2,0,6102949062.0,2034316354.0,11,2,25795676221.26,2149639685.105,51,8,98438084600.6,1893040088.473077
1543,-6.24260604,106.8479443,Tebet,BREAD MAMA,165329450.0,62083.90912505,2663.0,1182418857.6,28572.0,7044,0.04863391549635683,Comfort Food,6.437998741389362,5.5850980395141665,9.42053875610232,7.419729938125614,5.786725409925858,5.5850980395141665,3,0,495988350.0,123997087.5,6,1,991976700.0,141710957.14285713,10,1,1824387600.0,165853418.1818182
1545,-6.2262751,106.8075126,Kebayoran Baru,Bottega Ristorante - SCBD,631796986.63,405517.96317715,1558.0,24701579239.3559,238126.0,71645,0.4170784184729222,Fresh Seafood,1.6576017579376274,2.194977818112466,6.306262549602592,5.9835718519055385,1.0283527625078208,1.0283527625078208,10,0,6317969866.3,574360896.9363637,12,0,7581563839.56,583197218.4276923,40,0,70734241821.59998,1725225410.2829263
1566,-6.2888768,106.8214086,Pasar Minggu,BRUNO Cafe in the Park,30594000.0,63870.56367432,479.0,1113713849.4894,29796.0,8082,0.030452815249655582,Pizza and Western Snacks,7.7920536646261525,5.683789005615835,6.681230498527335,3.601601363243984,7.369039903683595,3.601601363243984,1,0,30594000.0,15297000.0,2,0,61188000.0,20396000.0,10,0,520832000.0,47348363.63636363
1577,-6.29782,106.776644,Cilandak,TRIBE,84317000.0,39035.64814815,2160.0,2509691187.7618,53452.0,25620,0.06502160278659212,Fried and Crispy,8.291580560947445,6.444999665748814,3.8000680873944868,2.718917875843257,8.249976177624148,2.718917875843257,1,0,84317000.0,42158500.0,3,0,252951000.0,63237750.0,7,0,590219000.0,73777375.0
1683,-6.2230251,106.8428474,Tebet,BSG Mall Kota Kasablanka,165329450.0,62083.90912505,2663.0,22842000.0,264.0,132,0.03263837084844091,Cake and Desserts,5.55988000536356,5.502811976453209,9.712280755420249,8.35207549723071,4.952838910132323,4.952838910132323,15,0,5366086831.0,335380426.9375,15,0,5366086831.0,335380426.9375,30,0,34754269383.26,1121105463.976129
1901,-6.27218145,106.81772012,Cilandak,Cha Bao,84317000.0,39035.64814815,2160.0,315154000.0,35329.0,7966,0.028489327147950227,Thai Main Dishes,5.9524606163216855,3.8920512128714817,5.790266483388563,3.0392058687968007,5.502330888204861,3.0392058687968007,1,0,30594000.0,15297000.0,2,0,150880000.0,50293333.333333336,25,0,2800663986.63,107717845.63961539
2031,-6.23782503,106.808875,Kebayoran Baru,Chief Coffee - Jakarta,631796986.63,405517.96317715,1558.0,2167367411.5457,45612.0,24619,0.22574287114688057,Coffee and Hot Beverages,2.3195437382667574,1.4034206967634637,5.640703546894496,4.8451164253190315,1.7271871180871379,1.4034206967634637,2,0,1263593973.26,421197991.08666664,9,1,5686172879.67,568617287.967,42,6,29328784580.680016,682064757.6902329
2032,-6.2589251,106.81554275,Mampang Prapatan,Chief Coffee Kemang,120286000.0,23158.64458991,5194.0,517074972.9902,10676.0,6272,0.03491331570805846,Coffee and Hot Beverages,4.567645342064706,2.635014167337675,5.541163602079986,3.4368924446454945,4.074633972674591,2.635014167337675,9,0,1082574000.0,108257400.0,12,0,1443432000.0,111033230.76923077,21,1,4374450946.52,198838679.38727275
2033,-6.2552267,106.7725444,Kebayoran Baru,Chief Coffee Radio Dalam,631796986.63,405517.96317715,1558.0,3798968138.1785,74179.0,29631,0.24179668056987594,Others,4.054125235735668,3.053930873262402,1.3273850940383265,3.2077709847301956,4.2694965528621704,1.3273850940383265,0,0,0.0,0.0,0,0,0.0,0.0,2,0,1263593973.26,421197991.08666664
2139,-6.2079211,106.81347715,Kebayoran Baru,Beau Daily - Kem Chicks PP,631796986.63,405517.96317715,1558.0,1132250000.0,27937.0,17220,0.20978182335521164,Others,2.9515279769039617,4.304160365276076,8.239048129601048,8.117928857400047,2.6517449965788087,2.6517449965788087,0,0,0.0,0.0,1,1,3051474531.0,1525737265.5,23,3,53246171402.409996,2218590475.1004167
2140,-6.21750361,106.8136397,Setia Budi,Beau Daily - Kemchick WTC,3051474531.0,87880.49796965,34723.0,313402000.0,7676.0,3490,0.42695632974178416,Other Beverages,2.4527057493062197,3.376045552887839,7.467962227713746,7.123900520455943,1.9702708610185475,1.9702708610185475,0,0,0.0,0.0,11,0,16628477030.409996,1385706419.200833,44,0,97458205211.82,2165737893.596
2151,-6.2639862,106.8135392,Mampang Prapatan,Beau Daily - Ranch Market Kemang,120286000.0,23158.64458991,5194.0,394787999.916,9828.0,4856,0.03228585080886227,Others,4.935015221770458,2.8881671462285863,5.277567922166263,2.938109629571644,4.487748577036159,2.8881671462285863,8,2,962288000.0,106920888.8888889,14,4,2159545986.63,143969732.442,21,6,3243521973.26,147432816.96636364
2348,-6.2215622,106.8330533,Kebayoran Baru,RAMERAME RAMEN PLAZA FESTIVAL,631796986.63,405517.96317715,1558.0,651891852.5,19719.0,8442,0.19505841775515242,Japanese Fried Chicken,4.485714878672902,4.618205642553832,8.864016784663882,7.774074016782146,3.891900862749402,3.891900862749402,4,0,9786220579.630001,1957244115.926,12,0,28425726665.63,2186594358.8946157,49,0,97948021197.63,1958960423.9526
2349,-6.2215622,106.8330533,Kebayoran Baru,RAMERAME R,631796986.63,405517.96317715,1558.0,384903750.0,11802.0,5257,0.1891939502827479,Asian Noodles,4.485714878672902,4.618205642553832,8.864016784663882,7.774074016782146,3.891900862749402,3.891900862749402,4,0,9786220579.630001,1957244115.926,12,0,28425726665.63,2186594358.8946157,49,0,97948021197.63,1958960423.9526
2451,-6.223605,106.8422432,Tebet,Denny's Kota Kasablanka,165329450.0,62083.90912505,2663.0,2978828958.3806,43650.0,15190,0.06990670210384124,Teppanyaki and Steaks,5.491424168633825,5.415639625044554,9.62286367868163,8.259525995452998,4.88166860454784,4.88166860454784,15,1,5366086831.0,335380426.9375,15,1,5366086831.0,335380426.9375,31,1,34919598833.26,1091237463.539375
2683,-6.23577082,106.86017441,Tebet,DON'S CAFE,165329450.0,62083.90912505,2663.0,108207185.0,4278.0,2380,0.03619682802160571,Fried and Crispy,7.5766622679100974,6.988968540020252,10.93225566414641,8.968821167884244,6.933800559733926,6.933800559733926,0,0,0.0,0.0,1,0,165329450.0,82664725.0,9,0,1487965050.0,148796505.0
2737,-6.28061761,106.79594195,Cilandak,Douton Bori,84317000.0,39035.64814815,2160.0,1533316568.0,27223.0,16023,0.04638244698251731,Others,6.209076949538816,4.11955804138833,3.740055215170769,0.6497308456688189,5.999820003148338,0.6497308456688189,3,0,252951000.0,63237750.0,6,1,505902000.0,72271714.28571428,20,2,2233819986.63,106372380.31571428
2797,-6.23578549,106.80731102,Kebayoran Baru,Exquise Patisserie Gunawarman,631796986.63,405517.96317715,1558.0,9319435261.5826,112462.0,41503,0.2891515654354985,Bakery Items,2.0439163115719006,1.3754905213895499,5.622828079226976,4.985548762398844,1.4444781330600098,1.3754905213895499,1,0,631796986.63,315898493.315,9,1,5686172879.67,568617287.967,41,1,31628176125.05001,753051812.5011908
2826,-6.22918971,106.80648778,Kebayoran Baru,Paris Baguette ASHTA,631796986.63,405517.96317715,1558.0,23658138050.484,665882.0,146104,0.5131341059565954,Coffee and Hot Beverages,1.6163087118409436,1.8607016437168238,6.005463825967551,5.6419909629394365,0.9650384603519101,0.9650384603519101,4,0,2527187946.52,505437589.304,14,2,8845157812.82,589677187.5213333,47,5,67386277108.26995,1403880773.0889573
2831,-6.22316988,106.84272204,Tebet,Paris Baguette Kokas,165329450.0,62083.90912505,2663.0,6246588300.096,182398.0,39542,0.12165503702885636,Coffee and Hot Beverages,5.545542660972405,5.483606408393345,9.692425850497088,8.330913172463331,4.937816591457259,4.937816591457259,15,1,5366086831.0,335380426.9375,15,1,5366086831.0,335380426.9375,30,2,34754269383.26,1121105463.976129
2957,-6.27715261,106.82714226,Pasar Minggu,EH! MENDADAK,30594000.0,63870.56367432,479.0,140041662.4,3686.0,1920,0.016531401076429596,Others,6.95700644832095,4.970661140881407,6.908827439033375,4.019519056385219,6.459867084210717,4.019519056385219,0,0,0.0,0.0,2,1,61188000.0,20396000.0,9,3,418761000.0,41876100.0
3075,-6.23849695,106.79038965,Kebayoran Baru,Eatlah Mielan,631796986.63,405517.96317715,1558.0,5640302150.0,239848.0,43449,0.27108753689056925,Alcoholic Beverages,1.5601009812473647,0.9537613436268506,4.010493404395434,4.340076345011857,1.5929187860227791,0.9537613436268506,0,0,0.0,0.0,4,1,2527187946.52,505437589.304,23,4,14531330692.489992,605472112.187083
3085,-6.29141849,106.79920719,Cilandak,Eatlah Citos,84317000.0,39035.64814815,2160.0,8184006425.0,396200.0,63651,0.14905494268700972,Alcoholic Beverages,7.4284289776962895,5.313910228993579,4.6930496531806325,1.7745119480769633,7.189786632696861,1.7745119480769633,2,0,168634000.0,56211333.333333336,4,0,337268000.0,67453600.0,19,4,1548300000.0,77415000.0
3092,-6.22122505,106.83267098,Setia Budi,Eatlah Plaza Festival,3051474531.0,87880.49796965,34723.0,976335150.0,51630.0,11266,0.4413366179634618,Alcoholic Beverages,4.446468844036207,4.601952396709563,8.84899077725807,7.778640239509344,3.8553697949554264,3.8553697949554264,4,0,7366543035.26,1473308607.052,11,1,25840719671.260002,2153393305.9383335,49,6,95528343653.26001,1910566873.0652
3094,-6.25535887,106.84374928,Pancoran,Eatlah Pasar Minggu,381466000.0,514105.1212938,742.0,1260339500.0,58256.0,13702,0.21145428238791278,Alcoholic Beverages,6.602590225553221,5.288211452013377,8.687335036279642,6.358307859758951,5.969287443799554,5.288211452013377,0,0,0.0,0.0,0,0,0.0,0.0,7,0,842791800.0,105348975.0
3101,-6.22127563,106.81945915,Setia Budi,Eatlah Tokopedia Tower ,3051474531.0,87880.49796965,34723.0,623052450.0,26772.0,6338,0.43259980222114286,Alcoholic Beverages,2.9911946741668802,3.449728416848212,7.666089790537448,7.0023812904155545,2.417995033157175,2.417995033157175,5,0,15257372655.0,2542895442.5,23,5,70183914213.0,2924329758.875,50,6,105576831233.71002,2070133945.75902
3107,-6.21488633,106.82069263,Setia Budi,Eatlah WTC,3051474531.0,87880.49796965,34723.0,841495350.0,46412.0,8658,0.4370065824658885,Alcoholic Beverages,3.284889154223543,4.066914066567419,8.232257023936922,7.696790555814115,2.7944494909377022,2.7944494909377022,3,1,9154423593.0,2288605898.25,11,2,33566219841.0,2797184986.75,43,6,101665763313.93002,2310585529.862046
3113,-6.2292724,106.8171264,Setia Budi,IKKUDO ICHI - PIM,3051474531.0,87880.49796965,34723.0,4342342755.96,96478.0,11762,0.46097960757392936,Craft Beverages,2.760205256759399,2.677033458377076,6.925641171755869,6.099315609081996,2.1159548421300123,2.1159548421300123,2,0,3171760531.0,1057253510.3333334,23,1,44964116796.03999,1873504866.5016663,51,1,96018407056.23001,1846507828.0044234
3118,-6.22403,106.840023,Tebet,IKKUDO ICHI - KOKAS,165329450.0,62083.90912505,2663.0,11824162867.44,264154.0,11804,0.1151055590748792,Craft Beverages,5.245021439073827,5.172210906712319,9.384891686307887,8.057509204387692,4.633577393117634,4.633577393117634,15,0,5366086831.0,335380426.9375,19,0,12732629866.26,636631493.313,39,0,65103685243.259995,1627592131.0814998
3123,-6.2254068,106.80986239,Kebayoran Baru,IKKUDO ICHI - PACIFIC PLACE,631796986.63,405517.96317715,1558.0,11967664836.435,255395.0,47131,0.31177632933695826,Craft Beverages,1.9091259998895422,2.415733697696228,6.562733870935163,6.15901858643495,1.293070142743021,1.293070142743021,7,0,4422578906.41,552822363.30125,13,1,13052715914.929996,932336851.0664283,47,1,89163375007.6,1857570312.6583335
3164,-6.22403994,106.82327021,Setia Budi,Tokio Street,3051474531.0,87880.49796965,34723.0,49586000.0,1738.0,554,0.4214506148690702,Others,3.3911960304689646,3.56759589381909,7.814951879034948,6.939729630984974,2.784477124946014,2.784477124946014,16,3,48823592496.0,2871976029.1764708,22,4,64201251151.0,2791358745.695652,48,8,101427092179.45001,2069940656.7234697
3166,-6.22382766,106.82337371,Setia Budi,Soto Ludi,3051474531.0,87880.49796965,34723.0,533653900.0,14920.0,2850,0.4273210607736932,Alcoholic Beverages,3.403133787451501,3.5908652813204647,7.837945167241294,6.965745408389616,2.798180748968882,2.798180748968882,16,2,48823592496.0,2871976029.1764708,21,3,64080965151.0,2912771143.2272725,48,6,101427092179.45001,2069940656.7234697
3387,-6.32686922,106.81156303,Jagakarsa,FameOGs,36182000.0,20675.42857143,1750.0,77048000.0,10448.0,3316,0.009223067062228078,Others,11.505441722034439,9.36148221940419,8.490596164198296,5.897875569517241,11.207041566723177,5.897875569517241,0,0,0.0,0.0,0,0,0.0,0.0,0,0,0.0,0.0
3451,-6.25055805,106.79778735,Kebayoran Baru,FKD - Perfecto Barito,631796986.63,405517.96317715,1558.0,14189000.0,203.0,154,0.18011934793724543,Packaging and Accessories,2.9301347884085875,0.7925460620004773,3.8859937211491964,3.1032329374962857,2.670735697432576,0.7925460620004773,5,0,3158984933.15,526497488.85833335,15,1,9476954799.449999,592309674.9656249,34,1,17317071652.37999,494773475.7822854
3474,-6.24451234,106.7995649,Kebayoran Baru,Filosofi Kopi - Melawai,631796986.63,405517.96317715,1558.0,6780598535.4555,622356.0,43183,0.277147771498967,Packaging and Accessories,2.335122502581653,0.2614386688025175,4.375047845397726,3.799797617053343,2.007239210000188,0.2614386688025175,9,0,5686172879.67,568617287.967,16,1,10108751786.079998,594632458.0047058,33,1,19314767598.899994,568081399.9676468
3556,-6.29254061,106.78299336,Cilandak,Foresthree Coffee & Kitchen Metropolitan Tower,84317000.0,39035.64814815,2160.0,872753537.6238,35749.0,12894,0.03837725658335922,Tea and Traditional Drinks,7.592090880535871,5.666116752266331,3.5691212828523864,1.851888983184093,7.504690234052803,1.851888983184093,0,0,0.0,0.0,4,0,337268000.0,67453600.0,15,0,1264755000.0,79047187.5
3567,-6.27515613,106.8162433,Pasar Minggu,Foresthree Coffee Kemang Cilandak Timur,30594000.0,63870.56367432,479.0,70879949.4,2784.0,844,0.014668702097185677,Tea and Traditional Drinks,6.174414522210476,4.079850198163729,5.682839770088718,2.827436948381031,5.747643176235555,2.827436948381031,1,0,84317000.0,42158500.0,3,0,288920000.0,72230000.0,26,0,2902734986.63,107508703.20851852
3589,-6.2967584,106.788549,Cilandak,Kedai Aceh Setim,84317000.0,39035.64814815,2160.0,563795386.0,19635.0,6097,0.027331502082472144,Alcoholic Beverages,7.996006696700731,5.983216679390641,4.299525746224318,2.1181721741211743,7.852772195775626,2.1181721741211743,2,1,168634000.0,56211333.333333336,6,1,505902000.0,72271714.28571428,15,3,1264755000.0,79047187.5
3726,-6.25804778,106.81086901,Mampang Prapatan,Gara Gara Canteen Bar,120286000.0,23158.64458991,5194.0,1437560578.64,7118.0,2558,0.035014831084726764,Others,4.216677077776863,2.1953462358063174,5.042748032391298,3.1085947206575097,3.768159407753416,2.1953462358063174,8,2,962288000.0,106920888.8888889,13,4,2039259986.63,145661427.61642858,35,8,12124648786.079998,336795799.6133333
3803,-6.2107368,106.823168,Setia Budi,"Glembung, Setiabudi",3051474531.0,87880.49796965,34723.0,7826000.0,556.0,142,0.42065131238878256,Coffee and Hot Beverages,3.709502059283742,4.596364686268143,8.74564680879235,8.229006261908898,3.259891455492902,3.259891455492902,3,0,9154423593.0,2288605898.25,6,0,18308847186.0,2615549598.0,32,4,90388152358.89,2739034919.9663634
3810,-6.2440473,106.7972066,Kebayoran Baru,GOLLAMEN BLOK M,631796986.63,405517.96317715,1558.0,821946905.507,24780.0,13720,0.20324208566824853,Soft Drinks,2.2127413232964144,0.07798878116607794,4.1833521692190025,3.792391480570275,1.95352687086419,0.07798878116607794,9,0,5686172879.67,568617287.967,17,0,10740548772.709997,596697154.0394443,28,0,17690315625.639988,610010883.6427583
3874,-6.27911982,106.7981233,Cilandak,AGPG CIPETE BDN,84317000.0,39035.64814815,2160.0,437416000.0,43071.0,12040,0.03475545429583596,Alcoholic Beverages,6.063157039803925,3.951035833664517,3.887883615368622,0.8221375680894325,5.8288887145624795,0.8221375680894325,4,0,337268000.0,67453600.0,5,0,421585000.0,70264166.66666667,19,2,2696982973.26,134849148.66300002
3876,-6.245788,106.801314,Kebayoran Baru,AGPG MELAWAI,631796986.63,405517.96317715,1558.0,1687375900.0,212898.0,32389,0.2336757490506593,Alcoholic Beverages,2.5356370448491585,0.49974727471372676,4.471779557106696,3.719348952822691,2.1699571525110484,0.49974727471372676,12,1,7581563839.56,583197218.4276923,16,1,10108751786.079998,594632458.0047058,32,4,18682970612.269993,566150624.6142422
3879,-6.28350137,106.78956625,Cilandak,AGPG TEROGONG,84317000.0,39035.64814815,2160.0,356727000.0,35987.0,10731,0.03250883391451035,Alcoholic Beverages,6.525992315435329,4.520607086515601,3.3133962899180416,0.6521075476589825,6.385660210303196,0.6521075476589825,0,0,0.0,0.0,1,0,84317000.0,42158500.0,16,4,1349072000.0,79357176.47058824
4060,-6.2964169,106.789124,Cilandak,Ayam Gepuk Pak Gembus - Lebak bulus 1,84317000.0,39035.64814815,2160.0,324128700.0,33985.0,7035,0.02726535095263614,Alcoholic Beverages,7.95494306928291,5.935727458208178,4.3066477612519956,2.0739469714638017,7.806900929871353,2.0739469714638017,2,1,168634000.0,56211333.333333336,6,1,505902000.0,72271714.28571428,15,3,1264755000.0,79047187.5
4248,-6.279324,106.845087,Pasar Minggu,PASAR MINGGU,30594000.0,63870.56367432,479.0,483254281.0,30293.0,6548,0.024800782236605184,Thai Appetizers and Salads,8.388157952111031,6.5982322225084005,8.904953531147395,6.007236555466574,7.818989425442371,6.007236555466574,0,0,0.0,0.0,2,0,61188000.0,20396000.0,4,1,122376000.0,24475200.0
4251,-6.214268,106.825973,Setia Budi,JAKARTA SETIABUDI,3051474531.0,87880.49796965,34723.0,726560820.0,49186.0,13062,0.4423881230373276,Thai Appetizers and Salads,3.8616840772813883,4.507689206658103,8.715989103313996,8.024986071293206,3.3520034610209795,3.3520034610209795,1,0,3051474531.0,1525737265.5,9,3,27463270779.0,2746327077.9,36,5,96821760320.89,2616804332.997027
4255,-6.242325,106.851428,Tebet,TEBET,165329450.0,62083.90912505,2663.0,2184226464.0,155878.0,18652,0.07016941954553241,Thai Appetizers and Salads,6.796560123764514,5.9711111556259056,9.800759438076227,7.766411460805232,6.145509171009421,5.9711111556259056,4,0,661317800.0,132263560.0,6,1,991976700.0,141710957.14285713,9,2,1704101600.0,170410160.0
4256,-6.26396,106.796796,Kebayoran Baru,FATMAWATI,631796986.63,405517.96317715,1558.0,6450791480.0,460852.0,54838,0.29124534959375686,Thai Appetizers and Salads,4.380445803545496,2.275174864203331,3.4258095129131783,1.6610953621715956,4.1553861866869735,1.6610953621715956,2,0,168634000.0,56211333.333333336,2,0,168634000.0,56211333.333333336,28,0,7064436893.040001,243601272.17379314
4258,-6.302599,106.794465,Cilandak,PONDOK LABU,84317000.0,39035.64814815,2160.0,5623486134.0,394527.0,50386,0.11646927400862554,Thai Appetizers and Salads,8.631515544414226,6.555407001359461,5.208398654057943,2.7784619694123296,8.435632351171893,2.7784619694123296,2,0,168634000.0,56211333.333333336,5,0,421585000.0,70264166.66666667,10,0,843170000.0,76651818.18181819
4259,-6.245658,106.815757,Mampang Prapatan,BANGKA RAYA,120286000.0,23158.64458991,5194.0,889445016.0,61708.0,12346,0.045326543260286546,Thai Appetizers and Salads,3.462419361645216,2.0378252815607554,5.929053494521029,4.49453438861731,2.8802891574845915,2.0378252815607554,0,0,0.0,0.0,4,1,2527187946.52,505437589.304,33,4,18527501834.709995,544926524.5502939
4282,-6.224968,106.859233,Tebet,BUKIT DURI,165329450.0,62083.90912505,2663.0,176594356.0,13026.0,2620,0.03691067896159486,Thai Appetizers and Salads,7.37073314682443,7.131226459172638,11.249646263864536,9.55873630838061,6.753888948339922,6.753888948339922,0,0,0.0,0.0,1,1,165329450.0,82664725.0,20,4,6192734081.0,294892099.0952381
4289,-6.242949,106.832357,Mampang Prapatan,TEGAL PARANG,120286000.0,23158.64458991,5194.0,322477644.0,24024.0,6718,0.03442753553475891,Thai Appetizers and Salads,4.843366892866545,3.8597811144372423,7.758736670738599,5.993995236786821,4.1970507022375605,3.8597811144372423,0,0,0.0,0.0,0,0,0.0,0.0,12,3,8770184835.26,674629602.7123077
4290,-6.363502,106.805242,Jagakarsa,MOHAMMAD KAHFI 1,36182000.0,20675.42857143,1750.0,1597796448.0,111972.0,23912,0.045986840293021275,Thai Appetizers and Salads,15.427491908990236,13.30976187794242,11.712250116787247,9.617462889702562,15.18040402082101,9.617462889702562,0,0,0.0,0.0,0,0,0.0,0.0,0,0,0.0,0.0
4291,-6.221312,106.841812,Tebet,MENTENG PULO,165329450.0,62083.90912505,2663.0,51870584.0,3806.0,1066,0.03408056317603078,Thai Appetizers and Salads,5.454586679421675,5.480251240372212,9.705270304320921,8.413060946645446,4.856933945723019,4.856933945723019,15,1,5366086831.0,335380426.9375,17,1,6629680804.26,368315600.2366667,30,8,37640414464.26,1214206918.2019355
4296,-6.229379,106.821532,Setia Budi,KUNINGAN JAKSEL,3051474531.0,87880.49796965,34723.0,567302686.0,40178.0,6690,0.43276759818705385,Thai Appetizers and Salads,3.2422412344949287,3.0801596187864693,7.323951712121175,6.336506445336774,2.600511702861065,2.600511702861065,2,0,3171760531.0,1057253510.3333334,21,2,58218588089.0,2646299458.590909,52,7,98558370600.6,1859591898.1245284
4513,-6.27763953,106.79886918,Cilandak,Abubaso,84317000.0,39035.64814815,2160.0,942053000.0,88221.0,20328,0.04894483590068689,Local and International Food,5.909374410077941,3.7898084283231657,3.903128651879678,0.8904641403461374,5.665630625408926,0.8904641403461374,5,0,421585000.0,70264166.66666667,7,0,590219000.0,73777375.0,19,0,2643259973.26,132162998.66300002
4618,-6.21621332,106.81816962,Setia Budi,ODIN,3051474531.0,87880.49796965,34723.0,5613848759.0,39860.0,12216,0.4687647526911039,Others,2.9734657898591124,3.778814451787167,7.927690612870789,7.446756872110971,2.4790337214934266,2.4790337214934266,2,0,6102949062.0,2034316354.0,14,1,42720643434.0,2848042895.6,47,8,104192951260.45001,2170686484.5927086
4648,-6.22372243,106.84216895,Tebet,Haagendazs Kiosk Mall Kota Kasablanka,165329450.0,62083.90912505,2663.0,1274509542.3872,19500.0,3614,0.04445707987169378,Others,5.482970900726839,5.402881336625632,9.609441419019737,8.244452620336183,4.872657870792134,4.872657870792134,15,0,5366086831.0,335380426.9375,15,0,5366086831.0,335380426.9375,31,2,34919598833.26,1091237463.539375
4663,-6.27333123,106.79819145,Cilandak,TDC Cipete,84317000.0,39035.64814815,2160.0,73956396.8479,6776.0,2926,0.020230666758292395,Others,5.4274641047286885,3.3111837116924474,3.6888910547091607,0.950059525504275,5.188733708073803,0.950059525504275,2,0,168634000.0,56211333.333333336,5,1,421585000.0,70264166.66666667,17,4,2600286973.26,144460387.40333334
4733,-6.29162728,106.79962148,Cilandak,Haagendazs Cafe Cilandak Town Square,84317000.0,39035.64814815,2160.0,7759070579.3615,159656.0,49616,0.12744694946527724,Coffee and Hot Beverages,7.456024382603225,5.3388220135855065,4.743371559131358,1.8183633462127515,7.21371265885626,1.8183633462127515,2,0,168634000.0,56211333.333333336,4,0,337268000.0,67453600.0,19,1,1548300000.0,77415000.0
4740,-6.22369935,106.84213761,Tebet,Haagendazs Cafe Mall Kota Kasablanka,165329450.0,62083.90912505,2663.0,3270030744.439,83230.0,19290,0.07716022392166705,Coffee and Hot Beverages,5.479547409573538,5.400736036451571,9.607612854946465,8.243912923083371,4.8693526748460005,4.8693526748460005,15,1,5366086831.0,335380426.9375,15,1,5366086831.0,335380426.9375,31,2,34919598833.26,1091237463.539375
4887,-6.249482,106.799418,Kebayoran Baru,BEAU - Panglima Polim,631796986.63,405517.96317715,1558.0,6474745516.8256,116200.0,53725,0.289856608377005,Fried and Crispy,2.8555775518660216,0.7061318142841563,4.09974624401717,3.2665477631350104,2.5547411209035698,0.7061318142841563,7,0,4422578906.41,552822363.30125,16,0,10108751786.079998,594632458.0047058,38,1,17798215652.37999,456364503.90717924
4888,-6.241037,106.810624,Kebayoran Baru,BEAU Bakery - Fatmawati,631796986.63,405517.96317715,1558.0,6129902340.45,118272.0,53039,0.2869746401162548,Others,2.6983639166818336,1.4776593256008914,5.627903877168086,4.612614972801186,2.121289648046755,1.4776593256008914,2,0,1263593973.26,421197991.08666664,7,1,3911067919.78,488883489.9725,43,6,28937559594.050014,657671808.9556822
4972,-6.22552157,106.82650377,Setia Budi,Hot Stuff One Satrio,3051474531.0,87880.49796965,34723.0,819757314.4,26754.0,7336,0.43507429268689607,Others,3.750015818401301,3.771421181747504,8.01769541743684,6.995596624383894,3.1314907622901145,3.1314907622901145,12,3,36617694372.0,2816745720.923077,24,3,68396033655.259995,2735841346.2103996,60,9,104897788050.56003,1719635869.6813118
4985,-6.2112016,106.82104186,Setia Budi,HOY TOD,3051474531.0,87880.49796965,34723.0,390470000.0,12212.0,2170,0.42558344760395933,Others,3.4743069661018433,4.41310969393801,8.54054621113821,8.082599579016518,3.034380651668235,3.034380651668235,3,0,9154423593.0,2288605898.25,7,2,18940644172.63,2367580521.57875,39,7,94810731265.30002,2370268281.6325006
5093,-6.2648233,106.8086157,Kebayoran Baru,Cheong Chun Pocha Kemang,631796986.63,405517.96317715,1558.0,62916000.0,3346.0,1911,0.18279920772296007,Others,4.790158485278238,2.6706038665374954,4.73121922859695,2.4325218751584687,4.400848472216701,2.4325218751584687,1,0,84317000.0,42158500.0,12,5,1371494000.0,105499538.46153846,33,7,7028694906.410001,206726320.77676472
5110,-6.22546758,106.85241985,Tebet,Kebuli Ijab Qabul Tebet,165329450.0,62083.90912505,2663.0,767461447.58,12470.0,3552,0.0415155111736349,Thai Appetizers and Salads,6.617349553352332,6.3949684776343965,10.538189382754586,8.937590829468338,5.998914453297394,5.998914453297394,0,0,0.0,0.0,1,1,165329450.0,82664725.0,25,5,7019381331.0,269976205.03846157
5123,-6.224891,106.809784,Kebayoran Baru,Shaburi Kintan PP,631796986.63,405517.96317715,1558.0,44373861033.32,1495921.0,136465,0.6166499475569293,Egg Dishes,1.8985365214785097,2.4581097990634957,6.594718811806664,6.209712364636616,1.2906137671524422,1.2906137671524422,7,0,4422578906.41,552822363.30125,13,0,13052715914.929996,932336851.0664283,47,0,89163375007.6,1857570312.6583335
5124,-6.223986,106.843102,Tebet,Shaburi Kota Kasablanka,165329450.0,62083.90912505,2663.0,7042317980.38,260582.0,23018,0.10351678746259581,Egg Dishes,5.5858006711807455,5.486079649895748,9.68655310083379,8.295037312708377,4.9740695039044835,4.9740695039044835,15,0,5366086831.0,335380426.9375,15,0,5366086831.0,335380426.9375,29,0,28816649771.260002,960554992.3753334
5204,-6.27181365,106.84100801,Pasar Minggu,Hakuna Matata Pejaten,30594000.0,63870.56367432,479.0,420633706.0,8694.0,3427,0.02017533006500495,Others,7.480402189144178,5.751110224635912,8.347640538775812,5.591898092514088,6.90134812064187,5.591898092514088,1,1,30594000.0,15297000.0,2,1,61188000.0,20396000.0,6,3,534436000.0,76348000.0
5208,-6.23846355,106.8150966,Kebayoran Baru,SENOVARTI,631796986.63,405517.96317715,1558.0,5449142421.8,76881.0,21700,0.24023616113603077,Fried and Crispy,2.922618095240581,2.0243049267316944,6.198655095321897,5.107005851486249,2.2943410546137,2.0243049267316944,1,0,631796986.63,315898493.315,8,0,4031353919.78,447928213.3088889,46,1,65219947161.74996,1387658450.2499993
5210,-6.27821257,106.80736525,Cilandak,Shabu.Siy Cipete,84317000.0,39035.64814815,2160.0,18958560128.7082,1125831.0,82138,0.23506709917608634,Packaging and Accessories,6.152272684065112,4.0024111384700145,4.8129490193464015,1.8312833136668047,5.817230881788946,1.8312833136668047,1,0,84317000.0,42158500.0,4,0,337268000.0,67453600.0,24,0,3137243973.26,125489758.93040001
5238,-6.24460602,106.79974317,Kebayoran Baru,IZOKAYA,631796986.63,405517.96317715,1558.0,1129011240.0,38122.0,8813,0.1982543903058113,Others,2.351438682416925,0.28372081230595103,4.386490319592769,3.794863763731298,2.0191205053208536,0.28372081230595103,9,0,5686172879.67,568617287.967,16,1,10108751786.079998,594632458.0047058,33,4,19314767598.899994,568081399.9676468
5303,-6.22006395,106.822877,Setia Budi,Depot_001,3051474531.0,87880.49796965,34723.0,10166286000.0,1120622.0,2380,0.48094753239112453,Coffee and Hot Beverages,3.384063175473092,3.815389072256213,8.044774923150195,7.298286815807221,2.8174397726110882,2.8174397726110882,14,2,42720643434.0,2848042895.6,23,3,70183914213.0,2924329758.875,46,5,102583175750.56001,2182620760.6502132
5307,-6.246454,106.798887,Kebayoran Baru,Depot_003,631796986.63,405517.96317715,1558.0,40570649000.0,4342429.0,8729,0.4203521586836623,Coffee and Hot Beverages,2.517248466174511,0.37204359662408104,4.20130006451639,3.5730955756250573,2.2176715346253015,0.37204359662408104,12,1,7581563839.56,583197218.4276923,16,3,10108751786.079998,594632458.0047058,31,4,16956213652.37999,529881676.6368747
5391,-6.27269571,106.80846982,Cilandak,Zushiku - Astha District 8,84317000.0,39035.64814815,2160.0,11060640150.0,1079106.0,36764,0.12845348075805302,Others,5.603365285242,3.4606398987229436,4.787273927427084,2.0308962497393392,5.242593940507509,2.0308962497393392,0,0,0.0,0.0,6,1,1035627986.63,147946855.23285714,28,7,3833740973.26,132197964.59517242
5441,-6.22216747,106.84228071,Setia Budi,Shihlin Kota Kasablanka frc,3051474531.0,87880.49796965,34723.0,2633061593.8,118402.0,5428,0.4426783309086965,Tea and Traditional Drinks,5.500962843437818,5.485578094671906,9.703478452514204,8.378294673540053,4.89848629651769,4.89848629651769,15,0,2479941750.0,154996359.375,15,0,2479941750.0,154996359.375,29,0,31702794852.260002,1056759828.4086667
5473,-6.22681651,106.71754446,Pasar Minggu,Event Bazaar The Green Corner Pejaten,30594000.0,63870.56367432,479.0,124927813.1666,7042.0,2488,0.01722384239720681,Tea and Traditional Drinks,8.313420490693892,9.03429975615838,6.826674794982223,9.872765836814999,8.928387511194163,6.826674794982223,0,0,0.0,0.0,0,0,0.0,0.0,0,0,0.0,0.0
5525,-6.2520817,106.7994406,Kebayoran Baru,COZY CUTS,631796986.63,405517.96317715,1558.0,799277052.0,6356.0,3528,0.18916151290359182,Fresh Seafood,3.1344631241122833,0.9844894713908385,3.988728515337898,2.9934772145993738,2.8420054633599814,0.9844894713908385,4,0,2527187946.52,505437589.304,15,0,9476954799.449999,592309674.9656249,39,0,16859510679.119991,421487766.9779998
5604,-6.2425903,106.80393167,Kebayoran Baru,THE GOLDEN TOOTH,631796986.63,405517.96317715,1558.0,11826936744.84,50974.0,15918,0.2682528642352738,Alcoholic Beverages,2.3527677174633035,0.7193762488088135,4.898632881556932,4.149000420142648,1.897493622921188,0.7193762488088135,2,1,1263593973.26,421197991.08666664,16,1,10108751786.079998,594632458.0047058,33,4,19314767598.899994,568081399.9676468
5612,-6.2674842,106.8149928,Mampang Prapatan,Store Haka Kemang,120286000.0,23158.64458991,5194.0,5399608389.6092,347972.0,12052,0.07033415491270358,Thai Appetizers and Salads,5.352258527707639,3.2939611622099734,5.442602359732522,2.9051461996754613,4.906685433331372,2.9051461996754613,1,0,120286000.0,60143000.0,14,0,1997915986.63,133194399.10866667,22,0,2726635986.63,118549390.72304349
5614,-6.24439894,106.80061744,Kebayoran Baru,Store Haka Blok M,631796986.63,405517.96317715,1558.0,40742505999.9965,2422602.0,43281,0.468622095120888,Thai Appetizers and Salads,2.3643071315948556,0.36427380933400605,4.481176267137581,3.8431374048417806,2.0067802623365774,0.36427380933400605,10,0,6317969866.3,574360896.9363637,16,0,10108751786.079998,594632458.0047058,33,2,19314767598.899994,568081399.9676468
5769,-6.26127526,106.81257534,Mampang Prapatan,SINSIN CORNDOG KEMANG VILLAGE,120286000.0,23158.64458991,5194.0,166591000.0,11532.0,3732,0.029461440742742463,Others,4.620436757159704,2.5881556199008515,5.187370406059792,3.0182007137862015,4.16989912795239,2.5881556199008515,9,3,1082574000.0,108257400.0,14,4,2159545986.63,143969732.442,26,5,5890995919.780001,218185034.06592596
5776,-6.22339568,106.82587254,Setia Budi,SMILE KIMBAB LOTTE AVENUE KUNINGAN,3051474531.0,87880.49796965,34723.0,1703160006.0,33402.0,7862,0.4407714457726424,Others,3.680975034915898,3.842474577897953,8.091299733970487,7.152774494734515,3.078214172765267,3.078214172765267,15,3,45772117965.0,2860757372.8125,24,3,68396033655.259995,2735841346.2103996,60,9,107317465594.93002,1759302714.670984
5833,-6.25055805,106.79778735,Kebayoran Baru,Filosofi Kopi - Perfecto Barito,631796986.63,405517.96317715,1558.0,3221517967.8521,123277.0,33544,0.2439002455327355,Others,2.9301347884085875,0.7925460620004773,3.8859937211491964,3.1032329374962857,2.670735697432576,0.7925460620004773,5,0,3158984933.15,526497488.85833335,15,1,9476954799.449999,592309674.9656249,34,5,17317071652.37999,494773475.7822854
5925,-6.22948272,106.80675533,Kebayoran Baru,PATTY & SONS,631796986.63,405517.96317715,1558.0,27007141154.0,162057.0,45675,0.39451493189042325,Salads and Bowls,1.6547808066245253,1.8496839831876652,6.006303940130353,5.620381380988962,1.003648438530642,1.003648438530642,4,0,2527187946.52,505437589.304,14,0,8845157812.82,589677187.5213333,47,0,67386277108.26996,1403880773.0889575
5939,-6.22450958,106.81036484,Kebayoran Baru,BRASSERIE PATTY PACIFIC PLACE,631796986.63,405517.96317715,1558.0,32897939372.774,267232.0,56917,0.4430937785645969,Coffee and Hot Beverages,1.9624946324361143,2.529011490830648,6.670614059158785,6.271301814696009,1.3602530882716033,1.3602530882716033,7,0,4422578906.41,552822363.30125,13,1,13052715914.929996,932336851.0664283,46,5,88531578020.97,1883650596.190851
6030,-6.23626199,106.78132771,Kebayoran Baru,Sesa,631796986.63,405517.96317715,1558.0,1398880000.0,1918.0,1400,0.1896264215264071,Others,1.7991664414791197,1.9540711375693065,3.6285693371392576,4.705774495976634,2.1637635801589177,1.7991664414791197,0,0,0.0,0.0,2,0,1263593973.26,421197991.08666664,8,0,5054375893.04,561597321.4488889
6203,-6.24855933,106.8034744,Kebayoran Baru,Kalyan - Wijaya,631796986.63,405517.96317715,1558.0,13122177292.7,364938.0,57666,0.3327032296200059,Coffee and Hot Beverages,2.9117480609361976,0.8750083857137625,4.550618855428435,3.5176508220212725,2.5173150703195226,0.8750083857137625,2,0,1263593973.26,421197991.08666664,16,3,10108751786.079998,594632458.0047058,41,5,18123104652.379993,431502491.7233332
6219,-6.238472,106.815903,Kebayoran Baru,Kisaku Event 1,631796986.63,405517.96317715,1558.0,18378360.0,441.0,196,0.18020044865531704,Others,2.9993763373593407,2.1101367571992444,6.2767953695073855,5.153713546452415,2.3680741887323666,2.1101367571992444,1,0,631796986.63,315898493.315,8,2,3519842933.15,391093659.2388889,45,8,67007827719.48997,1456691906.945434
6240,-6.24221436,106.81118554,Kebayoran Baru,KEDAI INN,631796986.63,405517.96317715,1558.0,10250513859.131,301014.0,57113,0.31576732422460124,Thai Appetizers and Salads,2.832608922888478,1.5221889340954589,5.622632403830081,4.529061001543776,2.261071109236501,1.5221889340954589,1,0,631796986.63,315898493.315,7,1,3911067919.78,488883489.9725,43,3,28426048607.420013,646046559.2595458
6384,-6.24414717,106.79759016,Kebayoran Baru,Kopi Konnichiwa Blok M Plaza,631796986.63,405517.96317715,1558.0,428685409.0288,18354.0,11067,0.19739450663844352,Coffee and Hot Beverages,2.233541629908607,0.08372939144007566,4.212499106545654,3.789699612359271,1.9625844290547896,0.08372939144007566,9,1,5686172879.67,568617287.967,16,3,10108751786.079998,594632458.0047058,28,5,17690315625.639988,610010883.6427583
6403,-6.2241507,106.82120879,Setia Budi,Kopi Konnichiwa Kuningan,3051474531.0,87880.49796965,34723.0,244782818.1412,10712.0,4972,0.4285985902739144,Coffee and Hot Beverages,3.1628967689578498,3.3801422620699837,7.623362132004468,6.813833264333282,2.556222198635637,2.556222198635637,12,2,36617694372.0,2816745720.923077,23,3,67252725682.0,2802196903.4166665,49,6,102525356702.71002,2050507134.0542004
6409,-6.22412512,106.82121006,Setia Budi,Kopi Konnichiwa Springhill Kemayoran,3051474531.0,87880.49796965,34723.0,242586936.3232,11194.0,5544,0.429369286958559,Coffee and Hot Beverages,3.1630800237180616,3.382033477810706,7.625159771066157,6.816363146770921,2.5566403466789014,2.5566403466789014,12,2,36617694372.0,2816745720.923077,23,3,67252725682.0,2802196903.4166665,49,6,102525356702.71002,2050507134.0542004
6450,-6.29381952,106.81623028,Pasar Minggu,Kopi Konnichiwa Cilandak,30594000.0,63870.56367432,479.0,135243672.7101,6717.0,3301,0.018394958867142243,Coffee and Hot Beverages,8.09123095082583,5.949475229064029,6.40972420929611,3.326597724116176,7.716273076821321,3.326597724116176,0,0,0.0,0.0,1,0,30594000.0,15297000.0,8,1,567090000.0,63010000.0
6524,-6.2899392,106.77815061,Cilandak,Kopi Konnichiwa Poins Mall,84317000.0,39035.64814815,2160.0,63188999.9972,4116.0,2947,0.02019875264031001,Others,7.404596745633835,5.573712929490424,3.0556376231099356,1.9458186499467607,7.368091886589915,1.9458186499467607,0,0,0.0,0.0,2,0,168634000.0,56211333.333333336,8,0,674536000.0,74948444.44444445
6547,-6.2981256,106.7735941,Cilandak,Sederhana Lebak Bulus,84317000.0,39035.64814815,2160.0,18933474960.1557,782362.0,73913,0.22366574231372227,Soft Drinks,8.402803080454516,6.604260948768817,3.7408748134260943,2.952392774832228,8.385859439040152,2.952392774832228,1,0,84317000.0,42158500.0,1,0,84317000.0,42158500.0,6,0,505902000.0,72271714.28571428
6554,-6.23491195,106.82346079,Mampang Prapatan,Kopi Bojo - Wisma Mulia II,120286000.0,23158.64458991,5194.0,130000.0,12.0,12,0.023430924149198375,Other Beverages,3.598370432870859,3.0242805604585543,7.200185053836702,5.956260917311073,2.947104796817438,2.947104796817438,0,0,0.0,0.0,4,0,6855032048.63,1371006409.726,45,0,84968592503.34,1847143315.29
6591,-6.3057038,106.8350547,Pasar Minggu,KORRE CAFE,30594000.0,63870.56367432,479.0,187246650.0,7268.0,3003,0.018279979659280784,Fried and Crispy,10.126385633165876,8.047516619500195,8.870726269561555,5.789515078386186,9.66974967644745,5.789515078386186,0,0,0.0,0.0,3,0,108546000.0,27136500.0,3,0,108546000.0,27136500.0
6606,-6.2056945,106.822272,Setia Budi,Kopi Se-Indonesia Dukuh Atas,3051474531.0,87880.49796965,34723.0,98006130.1254,7400.0,2146,0.4239028607022506,Cake and Desserts,3.8880598830106337,4.991168251214726,9.070070021847362,8.694316145094934,3.511889222525023,3.511889222525023,0,0,0.0,0.0,2,0,6102949062.0,2034316354.0,18,0,52506864013.63,2763519158.612105
6662,-6.22008405,106.83274745,Setia Budi,Sederhana Plaza Festival,3051474531.0,87880.49796965,34723.0,1540157502.2,86572.0,10176,0.4430209623696773,Thai Appetizers and Salads,4.467151682768407,4.677467291027129,8.925972466376017,7.885358580452734,3.8844782713462966,3.8844782713462966,3,0,4315068504.26,1078767126.065,12,3,28892194202.260002,2222476477.0969234,49,6,95528343653.26001,1910566873.0652
6672,-6.2778655,106.8009482,Cilandak,Sederhana Cipete,84317000.0,39035.64814815,2160.0,21381975111.7,947205.0,69853,0.2319023624005225,Comfort Food,5.9653327315045,3.830942414236029,4.127627132295681,1.1205368599888779,5.698162459523323,1.1205368599888779,3,0,252951000.0,63237750.0,7,0,590219000.0,73777375.0,21,1,2847862973.26,129448316.96636365
6835,-6.22113587,106.82507323,Setia Budi,Ayam Blenger PSP Karet,3051474531.0,87880.49796965,34723.0,1242927358.0,111134.0,17724,0.45167959314552586,Thai Appetizers and Salads,3.610256438454334,3.922328992060812,8.16548357393098,7.317796151223972,3.0283715296819538,3.0283715296819538,11,1,33566219841.0,2797184986.75,28,4,80601931779.26001,2779376957.9055176,55,6,106024350808.30002,1893291978.719643
6842,-6.30150728,106.79476287,Cilandak,Ayam Blenger PSP RS Fatmawati,84317000.0,39035.64814815,2160.0,3430439440.7661,314209.0,58562,0.11530667495632155,Others,8.511668123658247,6.433210242222742,5.133512972777474,2.6642608989078505,8.313467812711728,2.6642608989078505,2,1,168634000.0,56211333.333333336,5,1,421585000.0,70264166.66666667,10,1,843170000.0,76651818.18181819
6844,-6.27755972,106.83192245,Pasar Minggu,Ayam Blenger PSP Pejaten,30594000.0,63870.56367432,479.0,326620440.4582,28918.0,6997,0.024532993988879204,Others,7.296970838714298,5.3663681706828,7.436846164860833,4.547994694783697,6.775172143604309,4.547994694783697,1,0,30594000.0,15297000.0,2,1,61188000.0,20396000.0,9,3,329069000.0,32906900.0
6850,-6.22113587,106.82507323,Setia Budi,Ayam Geprek Goprok Karet,3051474531.0,87880.49796965,34723.0,6787434.0,624.0,420,0.42102604324435283,Thai Appetizers and Salads,3.610256438454334,3.922328992060812,8.16548357393098,7.317796151223972,3.0283715296819538,3.0283715296819538,11,1,33566219841.0,2797184986.75,28,4,80601931779.26001,2779376957.9055176,55,6,106024350808.30002,1893291978.719643
6856,-6.30150728,106.79476287,Cilandak,Ayam Geprek Goprok RS Fatmawati,84317000.0,39035.64814815,2160.0,24551023.112,2240.0,1757,0.018351957248712653,Others,8.511668123658247,6.433210242222742,5.133512972777474,2.6642608989078505,8.313467812711728,2.6642608989078505,2,1,168634000.0,56211333.333333336,5,1,421585000.0,70264166.66666667,10,1,843170000.0,76651818.18181819
6858,-6.2784662,106.83225504,Pasar Minggu,Ayam Geprek Goprok Pejaten,30594000.0,63870.56367432,479.0,2143812.0,145.0,120,0.013290288920811778,Thai Appetizers and Salads,7.399466610046706,5.463264148699273,7.4920100720540725,4.585453074234333,6.87916468352141,4.585453074234333,1,0,30594000.0,15297000.0,2,0,61188000.0,20396000.0,9,1,329069000.0,32906900.0
6870,-6.27703342,106.79776687,Cilandak,Kopi Wolu Tomang,84317000.0,39035.64814815,2160.0,17367000.0,952.0,462,0.016538627260698095,Other Beverages,5.829658053098392,3.719801528976039,3.765403236884889,0.7723822513407286,5.598374615279565,0.7723822513407286,5,0,421585000.0,70264166.66666667,5,0,421585000.0,70264166.66666667,18,1,2612665973.26,137508735.43473685
50759,-6.2247386,106.8098626,Kebayoran Baru,Kimukatsu Pacific Place,631796986.63,405517.96317715,1558.0,14199978976.5337,428925.0,84749,0.3758521620683704,Fried and Crispy,1.9069936244424894,2.4769608111406893,6.612523961435538,6.228514264028386,1.3015272411483676,1.3015272411483676,7,0,4422578906.41,552822363.30125,13,0,13052715914.929996,932336851.0664283,47,1,89163375007.6,1857570312.6583335
50761,-6.2435453,106.7839682,Kebayoran Baru,Kimukatsu Gandaria City,631796986.63,405517.96317715,1558.0,14651832344.1931,436954.0,83503,0.37669211319908374,Alcoholic Beverages,2.307167952603392,1.4955082872247194,3.121943247947774,3.856851571460149,2.4653908967504776,1.4955082872247194,1,0,631796986.63,315898493.315,3,1,1895390959.8899999,473847739.97249997,20,2,12635939732.599995,601711415.838095
50764,-6.222796,106.8420235,Tebet,Kimukatsu Kota Kasablanka,165329450.0,62083.90912505,2663.0,8440381647.6906,240322.0,30238,0.12127761030339491,Fried and Crispy,5.4695954257605415,5.430336956178773,9.644695796407099,8.308003418488596,4.863943956738762,4.863943956738762,15,0,5366086831.0,335380426.9375,15,0,5366086831.0,335380426.9375,29,0,34588939933.26,1152964664.4420002
50770,-6.2257678,106.7998901,Kebayoran Baru,Paradise Dynasty Plaza Senayan,631796986.63,405517.96317715,1558.0,37557663527.482,570976.0,107086,0.5380278752245982,Alcoholic Beverages,0.8141331712712093,1.9678042042432349,5.761135022186521,5.834427129518276,0.19792567555888688,0.19792567555888688,0,0,0.0,0.0,4,0,2527187946.52,505437589.304,19,2,16843497834.709993,842174891.7354996
50774,-6.2607441,106.8126729,Mampang Prapatan,Kimukatsu Lippo Kemang,120286000.0,23158.64458991,5194.0,3256047844.7544,96240.0,22918,0.07313296999279031,Fried and Crispy,4.574143314141791,2.5506719625661916,5.203358723759534,3.062513665590391,4.119828504305743,2.5506719625661916,10,0,1202860000.0,109350909.0909091,14,0,2159545986.63,143969732.442,27,1,7070272893.040001,252509746.18000004
50796,-6.2236876,106.8234033,Setia Budi,Kimukatsu Ciputra World,3051474531.0,87880.49796965,34723.0,5613616350.803,168906.0,28466,0.4910096990957319,Alcoholic Beverages,3.4068159578103483,3.602828738807082,7.8496522410424046,6.980697987049079,2.8030608425195775,2.8030608425195775,16,2,48823592496.0,2871976029.1764708,21,3,64080965151.0,2912771143.2272725,49,6,104478566710.45003,2089571334.2090006
50927,-6.2231991,106.8421909,Tebet,Bakerzin Kota Kasablanka,165329450.0,62083.90912505,2663.0,5919571069.0844,105438.0,31002,0.10812137070571888,Bakery Items,5.486695412480819,5.428662985206645,9.639329327085687,8.288149888541666,4.8789571361989745,4.8789571361989745,15,0,5366086831.0,335380426.9375,15,0,5366086831.0,335380426.9375,30,0,34754269383.26,1121105463.976129
50939,-6.22412,106.84319,Tebet,Yakiniku Like Kota Kasablanka,165329450.0,62083.90912505,2663.0,5901787999.0804,188830.0,21846,0.09548661427179676,Thai Curry and Soup,5.595386914097046,5.489270256950388,9.68818987431623,8.291227133885199,4.983017888607063,4.983017888607063,15,1,5366086831.0,335380426.9375,15,1,5366086831.0,335380426.9375,29,1,28816649771.260002,960554992.3753334
50977,-6.260616,106.812197,Mampang Prapatan,Bakerzin Lippo Kemang,120286000.0,23158.64458991,5194.0,6188088711.326,105292.0,28820,0.09773182257173063,Bakery Items,4.536387793035639,2.5054907919422584,5.152308003391878,3.0299428190405453,4.086556026994146,2.5054907919422584,10,0,1202860000.0,109350909.0909091,14,0,2159545986.63,143969732.442,27,0,7070272893.040001,252509746.18000004
50978,-6.260616,106.812197,Mampang Prapatan,Yakiniku Like Lippo Kemang,120286000.0,23158.64458991,5194.0,4940941958.0798,143436.0,19840,0.07841181955446637,Thai Curry and Soup,4.536387793035639,2.5054907919422584,5.152308003391878,3.0299428190405453,4.086556026994146,2.5054907919422584,10,0,1202860000.0,109350909.0909091,14,0,2159545986.63,143969732.442,27,0,7070272893.040001,252509746.18000004
51110,-6.22461695,106.80990973,Kebayoran Baru,Pepper Lunch Pasific Place,631796986.63,405517.96317715,1558.0,12371294810.9884,258328.0,51268,0.31971392052644404,Teppanyaki and Steaks,1.9121248022026003,2.4910552129412986,6.625470091933635,6.242938493235474,1.3086628272706933,1.3086628272706933,7,0,4422578906.41,552822363.30125,13,0,13052715914.929996,932336851.0664283,47,1,89163375007.6,1857570312.6583335
51111,-6.24438042,106.79745368,Kebayoran Baru,Pepper Lunch Blok M Plaza,631796986.63,405517.96317715,1558.0,12647305410.9486,267470.0,52731,0.3232718018111525,Teppanyaki and Steaks,2.2549325193024194,0.1086976376995014,4.185678291160958,3.7614417546509316,1.9889506357493318,0.1086976376995014,9,0,5686172879.67,568617287.967,16,0,10108751786.079998,594632458.0047058,27,1,17058518639.009989,609232808.5360711
51115,-6.2245316,106.8238502,Setia Budi,Pepper Lunch Ciputra World,3051474531.0,87880.49796965,34723.0,3636104110.997,78372.0,16428,0.46338844018434533,Teppanyaki and Steaks,3.4548780949416535,3.58725207782221,7.8358859089219655,6.926908236223021,2.843892044227224,2.843892044227224,15,0,45772117965.0,2860757372.8125,22,0,64201251151.0,2791358745.695652,48,1,101427092179.45003,2069940656.72347
51117,-6.291831,106.800102,Cilandak,Pepper Lunch Cilandak Town Square,84317000.0,39035.64814815,2160.0,14664021700.8229,333746.0,61572,0.18271696326498085,Teppanyaki and Steaks,7.484118803000705,5.3639406506957705,4.799154045197904,1.8661500559473283,7.237570222511657,1.8661500559473283,2,0,168634000.0,56211333.333333336,4,0,337268000.0,67453600.0,19,0,1548300000.0,77415000.0
51118,-6.24451088,106.78372275,Kebayoran Baru,Pepper Lunch Gandaria City,631796986.63,405517.96317715,1558.0,15428903167.3336,321965.0,57169,0.34501884681296363,Teppanyaki and Steaks,2.4156599241487258,1.5275471387166701,3.0229975777534093,3.757799522783155,2.565273891354403,1.5275471387166701,1,0,631796986.63,315898493.315,3,0,1895390959.8899999,473847739.97249997,20,1,12635939732.599995,601711415.838095
51120,-6.22298144,106.84312729,Tebet,Pepper Lunch Kota Kasablanka,165329450.0,62083.90912505,2663.0,8687188455.6016,183182.0,20870,0.10984331562194524,Teppanyaki and Steaks,5.590990037131495,5.533054338431613,9.741774651479844,8.376945506597366,4.984090866439773,4.984090866439773,15,1,5366086831.0,335380426.9375,15,1,5366086831.0,335380426.9375,28,1,28651320321.260002,987976562.8020691
51138,-6.2614661,106.8124774,Mampang Prapatan,Pepper Lunch Lippo Kemang,120286000.0,23158.64458991,5194.0,4125680287.1014,89522.0,16966,0.06988415768518343,Teppanyaki and Steaks,4.633842031172365,2.597374159828308,5.174845003967047,2.9968426141875195,4.185322503209387,2.597374159828308,9,0,1082574000.0,108257400.0,14,0,2159545986.63,143969732.442,26,0,5890995919.780001,218185034.06592596
51175,-6.3056095,106.8399574,Jagakarsa,Pepper Lunch Aeon Tanjung Barat,36182000.0,20675.42857143,1750.0,2874617783.4584,59832.0,8536,0.03213065616677566,Teppanyaki and Steaks,10.380018425033153,8.332140558318171,9.337994999631194,6.2497089858391774,9.901425999011588,6.2497089858391774,2,0,72364000.0,24121333.333333332,3,0,102958000.0,25739500.0,3,0,102958000.0,25739500.0
51195,-6.224301,106.843282,Tebet,Kintan Kota Kasablanka,165329450.0,62083.90912505,2663.0,12160334170.678,424598.0,26966,0.13775631946777134,Thai Curry and Soup,5.605425367884216,5.490923349304122,9.68782247086955,8.284054326834703,4.992209461835199,4.992209461835199,15,1,5366086831.0,335380426.9375,15,1,5366086831.0,335380426.9375,29,1,28816649771.260002,960554992.3753334
51214,-6.2238682,106.8235384,Setia Budi,Shaburi Kintan Ciputra World,3051474531.0,87880.49796965,34723.0,11920085785.096,588712.0,36212,0.5371443971597512,Thai Main Dishes,3.4212497424531776,3.602735943763263,7.850140069694566,6.971355709768536,2.81586047427929,2.81586047427929,16,0,48823592496.0,2871976029.1764708,21,0,64080965151.0,2912771143.2272725,48,0,101427092179.45003,2069940656.72347
51574,-6.2445724,106.7984859,Kebayoran Baru,Auntie Anne's Blok M Plaza,631796986.63,405517.96317715,1558.0,2293963707.0,3432597.0,28049,0.23115178132978445,Snacks and Sides,2.3050294877379067,0.17095896228948296,4.270165787929941,3.7646950536882677,2.0085797332892046,0.17095896228948296,9,0,5686172879.67,568617287.967,16,0,10108751786.079998,594632458.0047058,29,0,17810601625.639988,593686720.8546662
51583,-6.2239306,106.820696,Setia Budi,Auntie Anne's Lotte,3051474531.0,87880.49796965,34723.0,1017237488.0,1067378.0,9946,0.43975997979049064,Snacks and Sides,3.1066122634184685,3.351831420960008,7.592450666520317,6.807276137693964,2.5023034401861337,2.5023034401861337,12,0,36617694372.0,2816745720.923077,22,0,64201251151.0,2791358745.695652,50,2,103157153689.34003,2022689288.026275
51600,-6.224773,106.809603,Kebayoran Baru,Auntie Anne's Pacific Place,631796986.63,405517.96317715,1558.0,3183667249.0,3984155.0,37352,0.24890014930348736,Snacks and Sides,1.87830749321486,2.457996734701591,6.588816638289933,6.215269537683107,1.272548965826378,1.272548965826378,7,0,4422578906.41,552822363.30125,13,0,13052715914.929996,932336851.0664283,47,1,89163375007.6,1857570312.6583335
51603,-6.224944,106.842656,Tebet,Auntie Anne's Kota Kasablanka,165329450.0,62083.90912505,2663.0,2568180670.0,1269926.0,12852,0.06439240162775264,Snacks and Sides,5.536220917570982,5.399764658256027,9.59340873489221,8.184779156327846,4.920147066698775,4.920147066698775,15,0,5366086831.0,335380426.9375,15,0,5366086831.0,335380426.9375,31,1,34919598833.26,1091237463.539375
51618,-6.2238904,106.83006762,Setia Budi,Auntie Anne's Kuningan City,3051474531.0,87880.49796965,34723.0,996809442.0,903664.0,9484,0.4390124107517594,Snacks and Sides,4.143624711185855,4.2021868213445455,8.446762946039946,7.370504712693168,3.535361338682616,3.535361338682616,6,0,13469492097.26,1924213156.7514286,21,0,59241610062.259995,2692800457.3754544,50,2,98579818184.26001,1932937611.4560785
51625,-6.2950281,106.7926977,Cilandak,Auntie Anne's Fatmawati,84317000.0,39035.64814815,2160.0,2930442298.0,4729375.0,46914,0.09654359294379955,Snacks and Sides,7.791886545227384,5.7341420472310185,4.438741957191802,1.9230522781557167,7.6127156448967375,1.9230522781557167,2,0,168634000.0,56211333.333333336,8,0,674536000.0,74948444.44444445,16,0,1349072000.0,79357176.47058824
51636,-6.2613416,106.8124423,Mampang Prapatan,Auntie Anne's Lippo Mall Kemang,120286000.0,23158.64458991,5194.0,941640250.0,1415292.0,10832,0.04354794278697159,Snacks and Sides,4.619878665808803,2.58430755022502,5.172089974682335,3.0020350364319404,4.171106167527502,2.58430755022502,9,0,1082574000.0,108257400.0,14,0,2159545986.63,143969732.442,26,0,5890995919.780001,218185034.06592596
